rank,config_id,direction,selector,selector_title,allocation,allocation_title,selector_hypothesis,allocation_hypothesis,runs,mean_ndcg10,std_ndcg10,mean_mrr10,mean_recall100,mean_delta_base_ndcg10,mean_delta_control_ndcg10,win_rate_vs_control,noninferior_rate_vs_control,mean_positive_rate,mean_query_positive_coverage,mean_semantic_diversity,mean_unique_doc_fraction,mean_alpha,worst_dataset_delta,screen_score
1,difficulty__leverage,Difficulty-adaptive budget + Feature-space leverage,leverage,Feature-space leverage,difficulty,Difficulty-adaptive budget,Select statistically influential examples in the student feature space.,Allocate more labels to low-confidence/high-entropy queries.,6,0.5423398091472355,0.14292538884970146,0.592066064079953,0.8424719442080554,0.0074141064870795375,0.0009205611034885005,0.6666666666666666,0.6666666666666666,0.035027299026198916,0.27924459112577926,0.7565826922119604,0.681184044330359,0.5666666666666667,-0.00023651536434761886,0.0025044473926335003
2,uniform__mmr_uncertainty,Uniform per-query budget + Uncertainty–diversity MMR,mmr_uncertainty,Uncertainty–diversity MMR,uniform,Uniform per-query budget,Cover multiple uncertain semantic regions.,Give every query the same number of feedback calls.,6,0.5412084411443436,0.14226424402520832,0.5793540564373898,0.8099452553619221,0.006282738484187672,-0.00021080689940336517,0.5,0.8333333333333334,0.01629385160738296,0.14767143381004766,0.7639531225403194,0.7261204824186122,0.43333333333333335,-0.0022421167508476967,-0.000995547762200059
3,disagreement__hard_negative,Disagreement-adaptive budget + Hard-negative proxy,hard_negative,Hard-negative proxy,disagreement,Disagreement-adaptive budget,Prioritize high retrieval score but low relevance probability.,Allocate more labels where retrievers and model replicas disagree.,6,0.541326132705883,0.1430559283001211,0.5735820840681952,0.7622935063907286,0.006400430045727129,-9.311533786390824e-05,0.3333333333333333,0.8333333333333334,0.008972008311942305,0.09446277961129446,0.7192249239623991,0.7107250539868802,0.43333333333333335,-0.000812483234154319,-0.0020441511364845868
4,disagreement__uniform_rank,Disagreement-adaptive budget + Uniform rank coverage,uniform_rank,Uniform rank coverage,disagreement,Disagreement-adaptive budget,Spread labels across the whole candidate ranking instead of only its head.,Allocate more labels where retrievers and model replicas disagree.,6,0.541396714575813,0.1504708922825619,0.5779240152851264,0.7606500212750212,0.006471011915656993,-2.253346793404387e-05,0.5,0.5,0.024165749908324166,0.20171128223933502,0.6717288542942784,0.7408018579635741,0.3666666666666667,-0.005849879702964485,-0.0020699913639716135
5,topic_balanced__mmr_uncertainty,Topic-balanced budget + Uncertainty–diversity MMR,mmr_uncertainty,Uncertainty–diversity MMR,topic_balanced,Topic-balanced budget,Cover multiple uncertain semantic regions.,"Equalize total feedback across query clusters, not raw query counts.",6,0.5396851323437623,0.1446915100002173,0.5745770870076427,0.7957981627426071,0.004759429683606385,-0.0017341156999846525,0.5,0.6666666666666666,0.01653424601719431,0.15550666177728883,0.766466960445722,0.7151601271238235,0.5666666666666667,-0.0017871083743725147,-0.002359603631015033
6,uniform__leverage,Uniform per-query budget + Feature-space leverage,leverage,Feature-space leverage,uniform,Uniform per-query budget,Select statistically influential examples in the student feature space.,Give every query the same number of feedback calls.,6,0.5407226564482065,0.1486011060474747,0.5791721781305115,0.8351741648269425,0.005796953788050572,-0.0006965915955404652,0.5,0.5,0.037261133520759486,0.2944994499449945,0.7575745823928014,0.678059935623192,0.4666666666666666,-0.004804090733376491,-0.002378023352222237
7,uniform__mmr_relevance,Uniform per-query budget + Relevance–diversity MMR,mmr_relevance,Relevance–diversity MMR,uniform,Uniform per-query budget,Balance likely relevance with non-redundant documents.,Give every query the same number of feedback calls.,6,0.5404884096841299,0.14980410625617446,0.5813466343327455,0.8250958686375354,0.005562707023973897,-0.0009308383596171402,0.5,0.6666666666666666,0.04427026035936927,0.2891211343356558,0.7527701205433384,0.7128010023224545,0.16666666666666666,-0.006228371847254406,-0.0031107685061561824
8,difficulty__d_optimal,Difficulty-adaptive budget + D-optimal experimental design,d_optimal,D-optimal experimental design,difficulty,Difficulty-adaptive budget,Choose a set that maximizes feature-space information volume.,Allocate more labels to low-confidence/high-entropy queries.,6,0.5391779875533517,0.1454734635016264,0.5734733245149911,0.8466027362555141,0.004252284893195679,-0.002241260490395358,0.5,0.6666666666666666,0.03248380393594915,0.2751252903068085,0.7468526576947006,0.662818318868924,0.43333333333333335,-0.003254429135742143,-0.003380310687905108
9,disagreement__top_base,Disagreement-adaptive budget + Top current-retriever candidates,top_base,Top current-retriever candidates,disagreement,Disagreement-adaptive budget,Exploit the current retriever's highest-scoring documents.,Allocate more labels where retrievers and model replicas disagree.,6,0.5407296261928737,0.14657165272053505,0.5771031746031746,0.8167566564094342,0.005803923532717682,-0.0006896218508733546,0.3333333333333333,1.0,0.08517805484252129,0.40090453489793426,0.5243383894839434,0.7207228130220429,0.20000000000000004,-0.003064785742800206,-0.0034289635275200937
10,disagreement__mmr_relevance,Disagreement-adaptive budget + Relevance–diversity MMR,mmr_relevance,Relevance–diversity MMR,disagreement,Disagreement-adaptive budget,Balance likely relevance with non-redundant documents.,Allocate more labels where retrievers and model replicas disagree.,6,0.5416901027167426,0.151720155806014,0.577771164021164,0.8230883185744297,0.0067644000565866185,0.00027085467299558147,0.3333333333333333,0.5,0.040594059405940595,0.2866519985331866,0.7507811643746966,0.7179888359206291,0.20000000000000004,-0.006600982320907722,-0.003706155805988788
11,topic_balanced__uniform_rank,Topic-balanced budget + Uniform rank coverage,uniform_rank,Uniform rank coverage,topic_balanced,Topic-balanced budget,Spread labels across the whole candidate ranking instead of only its head.,"Equalize total feedback across query clusters, not raw query counts.",6,0.5399833575193512,0.1462495484832599,0.5809020429159318,0.7981274409746631,0.005057654859195228,-0.001435890524395809,0.3333333333333333,0.8333333333333334,0.02440614431813552,0.20129568512406795,0.6772028352717814,0.7396396121093591,0.3,-0.0026905006607476634,-0.004044232422324158
12,uniform__top_base,Uniform per-query budget + Top current-retriever candidates,top_base,Top current-retriever candidates,uniform,Uniform per-query budget,Exploit the current retriever's highest-scoring documents.,Give every query the same number of feedback calls.,6,0.541419248043747,0.1440200801657564,0.5763804379776601,0.8192772325411215,0.006493545383591037,0.0,0.0,1.0,0.08775618302570998,0.4037892678156705,0.5300394209126158,0.7156449904249684,0.20000000000000004,0.0,-0.005
13,topic_balanced__mmr_relevance,Topic-balanced budget + Relevance–diversity MMR,mmr_relevance,Relevance–diversity MMR,topic_balanced,Topic-balanced budget,Balance likely relevance with non-redundant documents.,"Equalize total feedback across query clusters, not raw query counts.",6,0.5397974551591503,0.14804047549355379,0.574833553791887,0.7997876608987721,0.004871752498994343,-0.0016217928845966938,0.3333333333333333,0.5,0.044957829116244956,0.28623640141791956,0.7514774850813396,0.7033991362099172,0.23333333333333336,-0.005311087252657294,-0.0051473400896934135
14,uniform__portfolio,Uniform per-query budget + Diversified policy portfolio,portfolio,Diversified policy portfolio,uniform,Uniform per-query budget,"Hedge across exploitation, uncertainty, disagreement, coverage and diversity.",Give every query the same number of feedback calls.,6,0.5388550804543756,0.1422811578270416,0.5776396237507349,0.817128396295063,0.003929377794219581,-0.0025641675893714557,0.3333333333333333,0.5,0.054105040133643,0.3361569490282362,0.6672658030600788,0.7245844028847329,0.4666666666666666,-0.004098950507710253,-0.005665466933736711
15,difficulty__mmr_relevance,Difficulty-adaptive budget + Relevance–diversity MMR,mmr_relevance,Relevance–diversity MMR,difficulty,Difficulty-adaptive budget,Balance likely relevance with non-redundant documents.,Allocate more labels to low-confidence/high-entropy queries.,6,0.5374513846520278,0.14548855704609986,0.5753336272780717,0.7809993067631956,0.002525681991871855,-0.0039678633917191826,0.5,0.6666666666666666,0.043651957788371436,0.29407162938516074,0.7530922532019675,0.7089974738214563,0.26666666666666666,-0.004859004461016485,-0.005668514953074952
16,difficulty__random,Difficulty-adaptive budget + Random exploration,random,Random exploration,difficulty,Difficulty-adaptive budget,A random but reproducible sample is a strong unbiased control.,Allocate more labels to low-confidence/high-entropy queries.,6,0.5373780578716961,0.14364005357379733,0.5778093768371546,0.7701046381601938,0.0024523552115400895,-0.004041190172050947,0.5,0.6666666666666666,0.017428594711322985,0.16953917613983618,0.7268982392660986,0.7472935256488612,0.5,-0.004799460285633643,-0.005721001272022722
17,topic_balanced__leverage,Topic-balanced budget + Feature-space leverage,leverage,Feature-space leverage,topic_balanced,Topic-balanced budget,Select statistically influential examples in the student feature space.,"Equalize total feedback across query clusters, not raw query counts.",6,0.5375745252633694,0.14625430224778194,0.5707785861258083,0.8319334240862019,0.002648822603213317,-0.0038447227803777204,0.5,0.5,0.03695147292507028,0.288314386994255,0.7558628619431196,0.6814590718331092,0.43333333333333335,-0.005505969470548618,-0.005771812095069736
18,difficulty__cluster_representatives,Difficulty-adaptive budget + Candidate-cluster representatives,cluster_representatives,Candidate-cluster representatives,difficulty,Difficulty-adaptive budget,Take representative documents from multiple semantic clusters.,Allocate more labels to low-confidence/high-entropy queries.,6,0.537780337570264,0.14658840203887827,0.5776116990005878,0.7984093607010273,0.002854634910108076,-0.003638910473482961,0.5,0.5,0.023994621684390663,0.19717638430509718,0.7278753532759064,0.6488489589699711,0.3,-0.006130875654643079,-0.005784716952608039
19,topic_balanced__top_base,Topic-balanced budget + Top current-retriever candidates,top_base,Top current-retriever candidates,topic_balanced,Topic-balanced budget,Exploit the current retriever's highest-scoring documents.,"Equalize total feedback across query clusters, not raw query counts.",6,0.5386007447804687,0.14606797085650922,0.5737132569077014,0.8201767034405923,0.0036750421203127956,-0.0028185032632782416,0.3333333333333333,0.6666666666666666,0.08923420119789756,0.40007334066740013,0.5246805035738101,0.7011245569001344,0.20000000000000004,-0.00462143181248013,-0.006102671064312954
20,uniform__uniform_rank,Uniform per-query budget + Uniform rank coverage,uniform_rank,Uniform rank coverage,uniform,Uniform per-query budget,Spread labels across the whole candidate ranking instead of only its head.,Give every query the same number of feedback calls.,6,0.539721438871357,0.15088608132649853,0.578454585537919,0.7724263159679827,0.004795736211201135,-0.0016978091723899025,0.3333333333333333,0.5,0.024268630566760378,0.20129568512406795,0.6767256939171462,0.741015768243491,0.3333333333333333,-0.00794529071975153,-0.006145327590969605
21,disagreement__leverage,Disagreement-adaptive budget + Feature-space leverage,leverage,Feature-space leverage,disagreement,Disagreement-adaptive budget,Select statistically influential examples in the student feature space.,Allocate more labels where retrievers and model replicas disagree.,6,0.5375427852752925,0.14745713818806708,0.5770708406819518,0.8414425363730919,0.002617082615136592,-0.0038764627684544453,0.5,0.5,0.03444362954814,0.28956117834005624,0.7597750907079207,0.6817666951880373,0.46666666666666673,-0.006913167955371539,-0.006296071552834483
22,difficulty__false_positive,Difficulty-adaptive budget + Likely false-positive hunting,false_positive,Likely false-positive hunting,difficulty,Difficulty-adaptive budget,Inspect high-ranked candidates the current model distrusts.,Allocate more labels to low-confidence/high-entropy queries.,6,0.53811291586297,0.14520611049136142,0.5757863021751911,0.7710878730323175,0.0031872132028140745,-0.0033063321807769628,0.3333333333333333,0.6666666666666666,0.004090779448315201,0.04743918836328078,0.7638607386586617,0.700009167583425,0.5,-0.004514418042619299,-0.006553045162360384
23,difficulty__uniform_rank,Difficulty-adaptive budget + Uniform rank coverage,uniform_rank,Uniform rank coverage,difficulty,Difficulty-adaptive budget,Spread labels across the whole candidate ranking instead of only its head.,Allocate more labels to low-confidence/high-entropy queries.,6,0.5361708575764149,0.1447289828724571,0.5781080981775427,0.7897209477765034,0.0012451549162590207,-0.005248390467332016,0.5,0.5,0.024165749908324166,0.20006111722283337,0.6735848702227133,0.7362751089923808,0.3333333333333333,-0.005557874981211926,-0.00719364671075619
24,topic_balanced__rank_strata,Topic-balanced budget + Rank-stratified sampling,rank_strata,Rank-stratified sampling,topic_balanced,Topic-balanced budget,Guarantee supervision from each rank band.,"Equalize total feedback across query clusters, not raw query counts.",6,0.5375597844405958,0.14307970839288336,0.5760243974132863,0.7430129361379362,0.002634081780439788,-0.0038594636031512495,0.3333333333333333,0.5,0.026263089271890153,0.20789634519007458,0.6264556083197539,0.7126186692743349,0.3666666666666667,-0.005025307922713902,-0.007284988042767782
25,uniform__d_optimal,Uniform per-query budget + D-optimal experimental design,d_optimal,D-optimal experimental design,uniform,Uniform per-query budget,Choose a set that maximizes feature-space information volume.,Give every query the same number of feedback calls.,6,0.5373356710262654,0.14279793437658075,0.5756356554967667,0.8210266045682713,0.0024099683661094697,-0.004083577017481567,0.3333333333333333,0.6666666666666666,0.03519944587051298,0.2796601882410463,0.7464687040645996,0.6655288677015849,0.4666666666666666,-0.005540368165326363,-0.007689372542012461
26,disagreement__rrf_consensus,Disagreement-adaptive budget + Multi-retriever consensus,rrf_consensus,Multi-retriever consensus,disagreement,Disagreement-adaptive budget,Reward candidates jointly supported by several retrievers.,Allocate more labels where retrievers and model replicas disagree.,6,0.537210650263168,0.14338134153715495,0.5770697383891829,0.8151138316416094,0.00228494760301202,-0.004208597780579017,0.3333333333333333,0.6666666666666666,0.08229230330440451,0.3955506661777289,0.5175229016586259,0.7157417593611214,0.20000000000000004,-0.0054563002784624075,-0.007784969544707527
27,topic_balanced__top_bm25,Topic-balanced budget + Lexical-first selection,top_bm25,Lexical-first selection,topic_balanced,Topic-balanced budget,Spend feedback on BM25's strongest candidates.,"Equalize total feedback across query clusters, not raw query counts.",6,0.537985583185364,0.14936623394766926,0.5766714432686655,0.8226092297620076,0.0030598805252080676,-0.0034336648583829696,0.3333333333333333,0.6666666666666666,0.07988530334514933,0.39183473902945853,0.5865882585087218,0.7042486656073015,0.16666666666666666,-0.008314182673367199,-0.008010295460728156
28,topic_balanced__hard_negative,Topic-balanced budget + Hard-negative proxy,hard_negative,Hard-negative proxy,topic_balanced,Topic-balanced budget,Prioritize high retrieval score but low relevance probability.,"Equalize total feedback across query clusters, not raw query counts.",6,0.5390585564032403,0.14325419973105552,0.5727579365079366,0.7745963295963296,0.0041328537430842804,-0.002360691640506757,0.0,1.0,0.009522063317442856,0.09776310964429775,0.7204946183976911,0.7051715356720857,0.39999999999999997,-0.0030286275386575503,-0.008420711279036899
29,difficulty__rrf_consensus,Difficulty-adaptive budget + Multi-retriever consensus,rrf_consensus,Multi-retriever consensus,difficulty,Difficulty-adaptive budget,Reward candidates jointly supported by several retrievers.,Allocate more labels to low-confidence/high-entropy queries.,6,0.5376158980248044,0.14521034780891012,0.5754820693709582,0.8165308791003235,0.0026901953646484567,-0.0038033500189425806,0.16666666666666666,0.5,0.08287495416208288,0.3955506661777289,0.5173429625947381,0.7100792486656072,0.20000000000000004,-0.004300059220401349,-0.008641704079416387
30,difficulty__top_base,Difficulty-adaptive budget + Top current-retriever candidates,top_base,Top current-retriever candidates,difficulty,Difficulty-adaptive budget,Exploit the current retriever's highest-scoring documents.,Allocate more labels to low-confidence/high-entropy queries.,6,0.5376683062008952,0.1507948886188072,0.5756158142269253,0.7916841980036424,0.0027426035407392135,-0.0037509418428518237,0.3333333333333333,0.6666666666666666,0.08555596300370777,0.3992543698814326,0.523609961295001,0.7143085604856783,0.23333333333333336,-0.010005637978907541,-0.00891958180213613
31,uniform__cluster_representatives,Uniform per-query budget + Candidate-cluster representatives,cluster_representatives,Candidate-cluster representatives,uniform,Uniform per-query budget,Take representative documents from multiple semantic clusters.,Give every query the same number of feedback calls.,6,0.535359023645759,0.14689813618929182,0.5760545267489712,0.7799044371266594,0.00043332098560309545,-0.0060602243979879416,0.5,0.5,0.028016134946828017,0.20171128223933502,0.7267953011294824,0.6518691683983213,0.3333333333333333,-0.008744965990034381,-0.009120962494499976
32,disagreement__d_optimal,Disagreement-adaptive budget + D-optimal experimental design,d_optimal,D-optimal experimental design,disagreement,Disagreement-adaptive budget,Choose a set that maximizes feature-space information volume.,Allocate more labels where retrievers and model replicas disagree.,6,0.535788141786055,0.1445898632942383,0.5740810552616108,0.8291732829927274,0.0008624391258990985,-0.005631106257691938,0.3333333333333333,0.5,0.03220979505357943,0.27925681457034596,0.7468783504280102,0.6675895367314509,0.39999999999999997,-0.006066851148424794,-0.009421170826307283
33,disagreement__false_positive,Disagreement-adaptive budget + Likely false-positive hunting,false_positive,Likely false-positive hunting,disagreement,Disagreement-adaptive budget,Inspect high-ranked candidates the current model distrusts.,Allocate more labels where retrievers and model replicas disagree.,6,0.537022731515853,0.14436055099926648,0.57326278659612,0.770967355689578,0.0020970288556970973,-0.00439651652789394,0.16666666666666666,0.6666666666666666,0.004090779448315201,0.04908935337978243,0.765011684404195,0.7005897812003422,0.5333333333333333,-0.004842166216760128,-0.009424608037093319
34,uniform__rank_strata,Uniform per-query budget + Rank-stratified sampling,rank_strata,Rank-stratified sampling,uniform,Uniform per-query budget,Guarantee supervision from each rank band.,Give every query the same number of feedback calls.,6,0.537216160126483,0.1432235095987609,0.576301440329218,0.7348243628799184,0.0022904574663269637,-0.004203087917264074,0.16666666666666666,0.6666666666666666,0.027775740537016664,0.2177973352890845,0.6242851998865087,0.7188393839383939,0.3666666666666667,-0.005452701026316749,-0.00944486660980827
35,topic_balanced__rrf_consensus,Topic-balanced budget + Multi-retriever consensus,rrf_consensus,Multi-retriever consensus,topic_balanced,Topic-balanced budget,Reward candidates jointly supported by several retrievers.,"Equalize total feedback across query clusters, not raw query counts.",6,0.536946675018127,0.14386747357384147,0.5744345238095238,0.8202470163581275,0.0020209723579710883,-0.0044725730256199485,0.16666666666666666,0.6666666666666666,0.08655319235627267,0.39306930693069303,0.5179524355404405,0.7003992991891782,0.20000000000000004,-0.004993357848074346,-0.009553581605779304
36,uniform__random,Uniform per-query budget + Random exploration,random,Random exploration,uniform,Uniform per-query budget,A random but reproducible sample is a strong unbiased control.,Give every query the same number of feedback calls.,6,0.5345478840618313,0.1434092024798044,0.5785019841269842,0.7823618485424041,-0.00037781859832463255,-0.0068713639819156696,0.5,0.5,0.017703622214073258,0.16458868109033126,0.7268713150305935,0.7474004807888196,0.43333333333333335,-0.007815701349293472,-0.009606859454168384
37,disagreement__rank_strata,Disagreement-adaptive budget + Rank-stratified sampling,rank_strata,Rank-stratified sampling,disagreement,Disagreement-adaptive budget,Guarantee supervision from each rank band.,Allocate more labels where retrievers and model replicas disagree.,6,0.5358166163692312,0.14305233121668737,0.574154908877131,0.737545697615142,0.0008909137090752084,-0.005602631674515829,0.3333333333333333,0.5,0.026675630526015567,0.2177973352890845,0.6174140690238126,0.7223770525200668,0.3666666666666667,-0.007012843599407977,-0.009723793600975288
38,topic_balanced__random,Topic-balanced budget + Random exploration,random,Random exploration,topic_balanced,Topic-balanced budget,A random but reproducible sample is a strong unbiased control.,"Equalize total feedback across query clusters, not raw query counts.",6,0.5341853278461568,0.14522056859295723,0.5774158583186361,0.7833732522621412,-0.0007403748139991617,-0.007233920197590199,0.5,0.5,0.018528704722324086,0.17779000122234445,0.7276943365867615,0.7461322984150267,0.39999999999999997,-0.00787136150186842,-0.009988896723244146
39,difficulty__hard_negative,Difficulty-adaptive budget + Hard-negative proxy,hard_negative,Hard-negative proxy,difficulty,Difficulty-adaptive budget,Prioritize high retrieval score but low relevance probability.,Allocate more labels to low-confidence/high-entropy queries.,6,0.5378312845250323,0.14343175986151196,0.5733583186360964,0.7755354830354829,0.0029055818648763463,-0.003587963518714691,0.0,0.8333333333333334,0.00924703581469258,0.09776310964429775,0.7206585794949558,0.7072933219247851,0.3666666666666667,-0.0040937475474232725,-0.010020775160312835
40,disagreement__uncertainty,Disagreement-adaptive budget + Current-model uncertainty,uncertainty,Current-model uncertainty,disagreement,Disagreement-adaptive budget,Label candidates nearest the current model's decision boundary.,Allocate more labels where retrievers and model replicas disagree.,6,0.5367808221800123,0.13717991557033932,0.5784409905937683,0.7891832781416115,0.0018551195198563963,-0.004638425863734641,0.3333333333333333,0.6666666666666666,0.02048853033451493,0.1699547732551033,0.6280069778022301,0.7276310964429776,0.39999999999999997,-0.01115901753189615,-0.01021074866656496
41,uniform__farthest_first,Uniform per-query budget + Semantic k-center coverage,farthest_first,Semantic k-center coverage,uniform,Uniform per-query budget,Cover the candidate manifold with farthest-first traversal.,Give every query the same number of feedback calls.,6,0.5360466312479367,0.1392880358824986,0.5707969576719577,0.824913062760285,0.0011209285877807895,-0.005372616795810248,0.3333333333333333,0.5,0.0025781281831886893,0.02928737318176262,0.8947140373048246,0.6925172146844315,0.5,-0.009793448851612707,-0.010466990560541362
42,uniform__rrf_consensus,Uniform per-query budget + Multi-retriever consensus,rrf_consensus,Multi-retriever consensus,uniform,Uniform per-query budget,Reward candidates jointly supported by several retrievers.,Give every query the same number of feedback calls.,6,0.5365585727440675,0.14149596048279547,0.5760545267489712,0.8198238361432805,0.0016328700839114603,-0.004860675299679577,0.16666666666666666,0.6666666666666666,0.08686387157234242,0.3922503361447256,0.521890497200538,0.7074705618710019,0.20000000000000004,-0.007425149669463615,-0.010792811017325175
43,disagreement__random,Disagreement-adaptive budget + Random exploration,random,Random exploration,disagreement,Disagreement-adaptive budget,A random but reproducible sample is a strong unbiased control.,Allocate more labels where retrievers and model replicas disagree.,6,0.5351971159759751,0.14163135045729547,0.5740310846560847,0.7853171622616067,0.0002714133158191005,-0.0062221320677719365,0.3333333333333333,0.6666666666666666,0.017428594711322985,0.17118934115633788,0.7265205318151687,0.7489762865175407,0.5,-0.008616974102275058,-0.010904739670234873
44,difficulty__uncertainty,Difficulty-adaptive budget + Current-model uncertainty,uncertainty,Current-model uncertainty,difficulty,Difficulty-adaptive budget,Label candidates nearest the current model's decision boundary.,Allocate more labels to low-confidence/high-entropy queries.,6,0.5358160713685681,0.13836380073681126,0.5784288653733097,0.7854663469246802,0.0008903687084121278,-0.00560317667517891,0.3333333333333333,0.5,0.0208318054027625,0.1707737440410708,0.6275419824128629,0.7259473169539176,0.39999999999999997,-0.011362948100068956,-0.011246875176869712
45,topic_balanced__uncertainty,Topic-balanced budget + Current-model uncertainty,uncertainty,Current-model uncertainty,topic_balanced,Topic-balanced budget,Label candidates nearest the current model's decision boundary.,"Equalize total feedback across query clusters, not raw query counts.",6,0.53473568525194,0.1423358878541109,0.577661669606114,0.7887053841220508,-0.00019001740821591082,-0.006683562791806948,0.3333333333333333,0.5,0.021244346656887913,0.16582324899156584,0.6297582208939044,0.715060302326529,0.39999999999999997,-0.008772416510524886,-0.011420575237157324
46,topic_balanced__d_optimal,Topic-balanced budget + D-optimal experimental design,d_optimal,D-optimal experimental design,topic_balanced,Topic-balanced budget,Choose a set that maximizes feature-space information volume.,"Equalize total feedback across query clusters, not raw query counts.",6,0.534466500176168,0.14287748661187483,0.5645160934744268,0.8168217250856139,-0.00045920248398794344,-0.0069527478675789805,0.3333333333333333,0.5,0.03530232652894919,0.275944261092776,0.74641739367171,0.6629853726113352,0.5333333333333333,-0.00810510123206487,-0.011456199965468351
47,topic_balanced__portfolio,Topic-balanced budget + Diversified policy portfolio,portfolio,Diversified policy portfolio,topic_balanced,Topic-balanced budget,"Hedge across exploitation, uncertainty, disagreement, coverage and diversity.","Equalize total feedback across query clusters, not raw query counts.",6,0.5355515828441423,0.13794418439017003,0.5770881099353321,0.8036936520269853,0.0006258801839863307,-0.005867665199604706,0.3333333333333333,0.3333333333333333,0.053863627103451085,0.340691846962474,0.659334619023619,0.7170303141425255,0.5,-0.0116648104591216,-0.011617015526963932
48,uniform__uncertainty,Uniform per-query budget + Current-model uncertainty,uncertainty,Current-model uncertainty,uniform,Uniform per-query budget,Label candidates nearest the current model's decision boundary.,Give every query the same number of feedback calls.,6,0.5352655904649123,0.13922791276363575,0.5778115814226925,0.7876469081330192,0.00033988780475633734,-0.0061536575788347,0.3333333333333333,0.5,0.02186264922788575,0.1670578168928004,0.6292817576575828,0.7248472069429165,0.39999999999999997,-0.011108918922396738,-0.011708445868340224
49,uniform__retriever_disagreement,Uniform per-query budget + Retriever disagreement,retriever_disagreement,Retriever disagreement,uniform,Uniform per-query budget,"Label pairs on which lexical, character and semantic retrievers disagree.",Give every query the same number of feedback calls.,6,0.5353587600582311,0.15050488825135694,0.5770223398001176,0.8358226392948614,0.0004330573980752539,-0.006060487985515783,0.3333333333333333,0.6666666666666666,0.05166748156297111,0.307725216966141,0.5058422477102384,0.6948091105406836,0.06666666666666667,-0.012149558339124603,-0.01197950007087606
50,difficulty__portfolio,Difficulty-adaptive budget + Diversified policy portfolio,portfolio,Diversified policy portfolio,difficulty,Difficulty-adaptive budget,"Hedge across exploitation, uncertainty, disagreement, coverage and diversity.",Allocate more labels to low-confidence/high-entropy queries.,6,0.5357258615114154,0.1409166884428321,0.5733612580834803,0.8101682859321748,0.0008001588512595673,-0.00569338653233147,0.16666666666666666,0.5,0.05290103084382513,0.33697591981420366,0.660703373043844,0.7237236686631626,0.3666666666666667,-0.008887509879908198,-0.012137348323632672
51,difficulty__mmr_uncertainty,Difficulty-adaptive budget + Uncertainty–diversity MMR,mmr_uncertainty,Uncertainty–diversity MMR,difficulty,Difficulty-adaptive budget,Cover multiple uncertain semantic regions.,Allocate more labels to low-confidence/high-entropy queries.,6,0.5340014031078607,0.13708352627413162,0.5680441651969429,0.7861916812611257,-0.0009242995522952454,-0.007417844935886282,0.5,0.5,0.016568879110133234,0.15757242390905757,0.7620828458811424,0.724090372000163,0.6333333333333333,-0.014150915892832017,-0.012370665498377488
52,disagreement__portfolio,Disagreement-adaptive budget + Diversified policy portfolio,portfolio,Diversified policy portfolio,disagreement,Disagreement-adaptive budget,"Hedge across exploitation, uncertainty, disagreement, coverage and diversity.",Allocate more labels where retrievers and model replicas disagree.,6,0.5330406171346237,0.14061293148907691,0.5709512786596119,0.8013996471635361,-0.001885085525532182,-0.00837863090912322,0.5,0.5,0.05084036181395918,0.3341034103410341,0.6610432404973311,0.7247168235342053,0.43333333333333335,-0.011840236732384582,-0.012522713765457823
53,difficulty__farthest_first,Difficulty-adaptive budget + Semantic k-center coverage,farthest_first,Semantic k-center coverage,difficulty,Difficulty-adaptive budget,Cover the candidate manifold with farthest-first traversal.,Allocate more labels to low-confidence/high-entropy queries.,6,0.5339284110027711,0.14175753717877831,0.5708039388594944,0.8240593382954494,-0.0009972916573848245,-0.007490837040975862,0.3333333333333333,0.3333333333333333,0.0037128712871287127,0.0429042904290429,0.8940447305513906,0.6917288025098807,0.6,-0.009860047735360089,-0.01260852041501856
54,topic_balanced__false_positive,Topic-balanced budget + Likely false-positive hunting,false_positive,Likely false-positive hunting,topic_balanced,Topic-balanced budget,Inspect high-ranked candidates the current model distrusts.,"Equalize total feedback across query clusters, not raw query counts.",6,0.5349887313764164,0.146316139471546,0.5680041152263374,0.739621191565636,6.302871626046036e-05,-0.006430516667330577,0.16666666666666666,0.5,0.004468687609501691,0.048673756264515346,0.7659435220657431,0.6964755734832743,0.6,-0.008733816399338346,-0.012820685740432332
55,topic_balanced__farthest_first,Topic-balanced budget + Semantic k-center coverage,farthest_first,Semantic k-center coverage,topic_balanced,Topic-balanced budget,Cover the candidate manifold with farthest-first traversal.,"Equalize total feedback across query clusters, not raw query counts.",6,0.5332194807250864,0.14302859737334564,0.5662580834803057,0.8183831394942507,-0.001706221935069548,-0.008199767318660586,0.3333333333333333,0.5,0.003437843784378438,0.037953795379537955,0.8950187594321433,0.6937538198264271,0.6666666666666666,-0.009465099150129977,-0.013179218687872744
56,disagreement__mmr_uncertainty,Disagreement-adaptive budget + Uncertainty–diversity MMR,mmr_uncertainty,Uncertainty–diversity MMR,disagreement,Disagreement-adaptive budget,Cover multiple uncertain semantic regions.,Allocate more labels where retrievers and model replicas disagree.,6,0.5353745141440509,0.13714144692307567,0.5757995296884185,0.782659467590023,0.00044881148389499154,-0.006044733899696046,0.16666666666666666,0.6666666666666666,0.01574379660188241,0.1592225889255592,0.763619601979165,0.726458664384957,0.46666666666666673,-0.01238010148803137,-0.01371110275384036
57,disagreement__retriever_disagreement,Disagreement-adaptive budget + Retriever disagreement,retriever_disagreement,Retriever disagreement,disagreement,Disagreement-adaptive budget,"Label pairs on which lexical, character and semantic retrievers disagree.",Allocate more labels where retrievers and model replicas disagree.,6,0.5342117498701563,0.15189926646853977,0.5750598912404468,0.830793337321115,-0.0007139527899997222,-0.0072074981735907595,0.3333333333333333,0.6666666666666666,0.048401784622906736,0.31762620706515093,0.5023691150024779,0.6967322658191746,0.10000000000000002,-0.014565534461781049,-0.013972101901880793
58,uniform__hard_negative,Uniform per-query budget + Hard-negative proxy,hard_negative,Hard-negative proxy,uniform,Uniform per-query budget,Prioritize high retrieval score but low relevance probability.,Give every query the same number of feedback calls.,6,0.5355329916088792,0.14708867543712256,0.5723258377425045,0.7737484326373215,0.0006072889487233427,-0.005886256434867694,0.0,0.6666666666666666,0.010209632074318542,0.09941327466079941,0.7202623473178669,0.7084280650287251,0.3666666666666667,-0.008827862846817136,-0.01397600843125369
59,difficulty__retriever_disagreement,Difficulty-adaptive budget + Retriever disagreement,retriever_disagreement,Retriever disagreement,difficulty,Difficulty-adaptive budget,"Label pairs on which lexical, character and semantic retrievers disagree.",Allocate more labels to low-confidence/high-entropy queries.,6,0.5341235324578852,0.15186128237700056,0.5751293356848913,0.8273836708558931,-0.0008021702022706911,-0.007295715585861728,0.3333333333333333,0.6666666666666666,0.047850710997025626,0.3159638186040826,0.5037703350373955,0.6910677178828993,0.10000000000000002,-0.014620013539816493,-0.014079386991464167
60,difficulty__rank_strata,Difficulty-adaptive budget + Rank-stratified sampling,rank_strata,Rank-stratified sampling,difficulty,Difficulty-adaptive budget,Guarantee supervision from each rank band.,Allocate more labels to low-confidence/high-entropy queries.,6,0.5327954134543677,0.13987028337495463,0.5725970017636685,0.7230884855884856,-0.002130289205788264,-0.008623834589379301,0.3333333333333333,0.3333333333333333,0.027225685531516112,0.21614717027258282,0.6195104757103239,0.7222385201483111,0.4000000000000001,-0.012892043048910895,-0.01480271632316478
61,topic_balanced__cluster_representatives,Topic-balanced budget + Candidate-cluster representatives,cluster_representatives,Candidate-cluster representatives,topic_balanced,Topic-balanced budget,Take representative documents from multiple semantic clusters.,"Equalize total feedback across query clusters, not raw query counts.",6,0.5321547925231735,0.14217412844888133,0.5744418724279835,0.7710105044132822,-0.002770910136982422,-0.009264455520573459,0.3333333333333333,0.3333333333333333,0.03365216151244754,0.22645153404229312,0.7185445019000608,0.6514912602371349,0.3666666666666667,-0.011073056598617903,-0.014806691996756391
62,uniform__false_positive,Uniform per-query budget + Likely false-positive hunting,false_positive,Likely false-positive hunting,uniform,Uniform per-query budget,Inspect high-ranked candidates the current model distrusts.,Give every query the same number of feedback calls.,6,0.5338472395632164,0.14770278780070775,0.5656992210464433,0.7353384167273056,-0.0010784630969395415,-0.007572008480530579,0.16666666666666666,0.5,0.0048812288636271035,0.051974086297518644,0.7655335513426132,0.70096972660229,0.6333333333333334,-0.011163354280646262,-0.014812515812090105
63,topic_balanced__false_negative,Topic-balanced budget + Likely false-negative hunting,false_negative,Likely false-negative hunting,topic_balanced,Topic-balanced budget,Inspect low-ranked candidates the current model considers promising.,"Equalize total feedback across query clusters, not raw query counts.",6,0.534056069542616,0.1495097754682454,0.5787161963550852,0.8360011182233404,-0.0008696331175399493,-0.007363178501130986,0.16666666666666666,0.5,0.03282096728191338,0.21321354357657987,0.6340081839133389,0.6851383286476795,0.20000000000000004,-0.012527858721957144,-0.015081262387149321
64,disagreement__center_outlier_mix,Disagreement-adaptive budget + Typical–outlier mixture,center_outlier_mix,Typical–outlier mixture,disagreement,Disagreement-adaptive budget,Label both dense-region representatives and unusual candidates.,Allocate more labels where retrievers and model replicas disagree.,6,0.5333468635275852,0.1494721853821836,0.5751524838330394,0.8299845704706815,-0.00157883913257074,-0.008072384516161777,0.16666666666666666,0.5,0.023271401214195492,0.20913091309130916,0.7513277510386663,0.633426027787964,0.3333333333333333,-0.01275927596911273,-0.015871464438684566
65,disagreement__head_tail,Disagreement-adaptive budget + Head–tail mixture,head_tail,Head–tail mixture,disagreement,Disagreement-adaptive budget,Label both likely positives/hard negatives and clear negatives.,Allocate more labels where retrievers and model replicas disagree.,6,0.5325523934470519,0.147945628592008,0.5712422839506174,0.8438281317447984,-0.0023733092131040245,-0.008866854596695062,0.16666666666666666,0.16666666666666666,0.053590636841461925,0.3452389683412786,0.7006233345732218,0.7290041967159678,0.3333333333333333,-0.012093368707879063,-0.016432866977786068
66,difficulty__top_bm25,Difficulty-adaptive budget + Lexical-first selection,top_bm25,Lexical-first selection,difficulty,Difficulty-adaptive budget,Spend feedback on BM25's strongest candidates.,Allocate more labels to low-confidence/high-entropy queries.,6,0.5317871116775477,0.1444613814032071,0.5729714138741916,0.8064452085979864,-0.00313859098260826,-0.009632136366199298,0.16666666666666666,0.3333333333333333,0.07744468891333578,0.3934849040459601,0.5831482116536878,0.7100150755816322,0.20000000000000004,-0.009983101555808857,-0.016459555244065734
67,difficulty__head_tail,Difficulty-adaptive budget + Head–tail mixture,head_tail,Head–tail mixture,difficulty,Difficulty-adaptive budget,Label both likely positives/hard negatives and clear negatives.,Allocate more labels to low-confidence/high-entropy queries.,6,0.5316784670637967,0.14354743290886948,0.5685622427983539,0.828228618089729,-0.0032472355963591806,-0.009740780979950217,0.16666666666666666,0.16666666666666666,0.053417471376767306,0.34564234201197896,0.7000581312399595,0.7246394083852831,0.36666666666666664,-0.011766983093446334,-0.01719255839598977
68,disagreement__farthest_first,Disagreement-adaptive budget + Semantic k-center coverage,farthest_first,Semantic k-center coverage,disagreement,Disagreement-adaptive budget,Cover the candidate manifold with farthest-first traversal.,Allocate more labels where retrievers and model replicas disagree.,6,0.530586986437205,0.14126660792468526,0.566304379776602,0.8134513403263403,-0.004338716222950918,-0.010832261606541957,0.3333333333333333,0.5,0.0024752475247524753,0.0297029702970297,0.8948043403350378,0.6891180784745141,0.7333333333333334,-0.013917689332440863,-0.017370119539562925
69,disagreement__top_title,Disagreement-adaptive budget + Title-focused selection,top_title,Title-focused selection,disagreement,Disagreement-adaptive budget,Favor concise title evidence before full-document evidence.,Allocate more labels where retrievers and model replicas disagree.,6,0.5314992108969422,0.14726939707648265,0.5780235890652557,0.818710420238198,-0.003426491763213783,-0.00992003714680482,0.16666666666666666,0.3333333333333333,0.052866397750886196,0.3184085075174184,0.636525517353571,0.6971661981012917,0.13333333333333333,-0.012207387522057744,-0.017525956112858364
70,uniform__top_title,Uniform per-query budget + Title-focused selection,top_title,Title-focused selection,uniform,Uniform per-query budget,Favor concise title evidence before full-document evidence.,Give every query the same number of feedback calls.,6,0.5314728504278037,0.14776867041327266,0.5790465167548501,0.8145611230333453,-0.0034528522323523194,-0.009946397615943356,0.16666666666666666,0.3333333333333333,0.05544452593407489,0.3167583425009168,0.6405482920313608,0.6972415760094529,0.16666666666666666,-0.012354450985644305,-0.017603788794252197
71,topic_balanced__top_title,Topic-balanced budget + Title-focused selection,top_title,Title-focused selection,topic_balanced,Topic-balanced budget,Favor concise title evidence before full-document evidence.,"Equalize total feedback across query clusters, not raw query counts.",6,0.5311191341189945,0.14815912375551932,0.5788209141681364,0.8183574193296416,-0.003806568541161487,-0.010300113924752524,0.16666666666666666,0.16666666666666666,0.05788514036588844,0.3204742696491871,0.6396216166998826,0.682957462412908,0.16666666666666666,-0.013080959022295205,-0.01821178291588918
72,uniform__top_bm25,Uniform per-query budget + Lexical-first selection,top_bm25,Lexical-first selection,uniform,Uniform per-query budget,Spend feedback on BM25's strongest candidates.,Give every query the same number of feedback calls.,6,0.5324693261709229,0.15849953131056815,0.574161155202822,0.7992897919981253,-0.0024563764892330995,-0.008949921872824137,0.3333333333333333,0.6666666666666666,0.08002281709652447,0.3914191419141914,0.5891821871776771,0.7083679664262723,0.20000000000000004,-0.022156519821648235,-0.018371370477067685
73,topic_balanced__retriever_disagreement,Topic-balanced budget + Retriever disagreement,retriever_disagreement,Retriever disagreement,topic_balanced,Topic-balanced budget,"Label pairs on which lexical, character and semantic retrievers disagree.","Equalize total feedback across query clusters, not raw query counts.",6,0.5324513232394669,0.1533054339284685,0.5738837448559672,0.8225262340540119,-0.0024743794206891026,-0.00896792480428014,0.16666666666666666,0.5,0.05080674734140081,0.3130790856863464,0.5063155175880091,0.6793566393676405,0.13333333333333333,-0.017550713249067946,-0.018444007774787254
74,disagreement__top_bm25,Disagreement-adaptive budget + Lexical-first selection,top_bm25,Lexical-first selection,disagreement,Disagreement-adaptive budget,Spend feedback on BM25's strongest candidates.,Allocate more labels where retrievers and model replicas disagree.,6,0.5318282480856884,0.15635009807477385,0.5743720605526161,0.8016046068129401,-0.003097454574467584,-0.009590999958058621,0.3333333333333333,0.5,0.07651672574664874,0.39678523407896343,0.5838580823076878,0.7128305423134905,0.20000000000000004,-0.020827109725511866,-0.01854715502865444
75,difficulty__top_title,Difficulty-adaptive budget + Title-focused selection,top_title,Title-focused selection,difficulty,Difficulty-adaptive budget,Favor concise title evidence before full-document evidence.,Allocate more labels to low-confidence/high-entropy queries.,6,0.5299214772064252,0.14642566478371327,0.578451278659612,0.8145611230333453,-0.005004225453730721,-0.011497770837321758,0.16666666666666666,0.16666666666666666,0.05320967281913377,0.31015768243491015,0.6389390835856119,0.6889000937130749,0.16666666666666666,-0.012763960011738684,-0.019298490174763632
76,topic_balanced__center_outlier_mix,Topic-balanced budget + Typical–outlier mixture,center_outlier_mix,Typical–outlier mixture,topic_balanced,Topic-balanced budget,Label both dense-region representatives and unusual candidates.,"Equalize total feedback across query clusters, not raw query counts.",6,0.5291061683434718,0.14386953995610283,0.5747641093474427,0.8202063651369206,-0.005819534316684148,-0.012313079700275184,0.16666666666666666,0.16666666666666666,0.026192804465631752,0.21778511184451776,0.7527969687947608,0.6330145051542192,0.3666666666666667,-0.01267865019768688,-0.020083940602798927
77,disagreement__cluster_representatives,Disagreement-adaptive budget + Candidate-cluster representatives,cluster_representatives,Candidate-cluster representatives,disagreement,Disagreement-adaptive budget,Take representative documents from multiple semantic clusters.,Allocate more labels where retrievers and model replicas disagree.,6,0.5288319877398129,0.13888850572548536,0.5722067901234568,0.7738851837462949,-0.006093714920343098,-0.012587260303934136,0.3333333333333333,0.3333333333333333,0.022998410952206335,0.2000733406674001,0.7290674491505534,0.655265248747097,0.39999999999999997,-0.017375721015284323,-0.020335429325950314
78,uniform__head_tail,Uniform per-query budget + Head–tail mixture,head_tail,Head–tail mixture,uniform,Uniform per-query budget,Label both likely positives/hard negatives and clear negatives.,Give every query the same number of feedback calls.,6,0.5291880042677527,0.13773716159531652,0.5704714138741916,0.8264429038040149,-0.005737698392403336,-0.012231243775994374,0.3333333333333333,0.3333333333333333,0.05561667277838895,0.34316098276494317,0.7014330789987797,0.729654076518763,0.4666666666666666,-0.019303116867525876,-0.0206540013462951
79,uniform__false_negative,Uniform per-query budget + Likely false-negative hunting,false_negative,Likely false-negative hunting,uniform,Uniform per-query budget,Inspect low-ranked candidates the current model considers promising.,Give every query the same number of feedback calls.,6,0.5306194423900094,0.14871568465792973,0.5775727513227512,0.8366849071710183,-0.004306260270146568,-0.010799805653737607,0.0,0.3333333333333333,0.031961251680723626,0.2264148637085931,0.6360364472913598,0.6977111600048893,0.26666666666666666,-0.015206139978955535,-0.021121954646372045
80,uniform__center_outlier_mix,Uniform per-query budget + Typical–outlier mixture,center_outlier_mix,Typical–outlier mixture,uniform,Uniform per-query budget,Label both dense-region representatives and unusual candidates.,Give every query the same number of feedback calls.,6,0.5306935856997009,0.14955548777975597,0.5731937095825984,0.828020151145151,-0.004232116960455094,-0.01072566234404613,0.0,0.3333333333333333,0.02560913498757283,0.21408140814081408,0.745327474087087,0.638199282891252,0.3666666666666667,-0.015760733207494087,-0.021241918966669063
81,topic_balanced__head_tail,Topic-balanced budget + Head–tail mixture,head_tail,Head–tail mixture,topic_balanced,Topic-balanced budget,Label both likely positives/hard negatives and clear negatives.,"Equalize total feedback across query clusters, not raw query counts.",6,0.5297393669106337,0.12957887607806542,0.5724228395061729,0.8175945325250881,-0.0051863357495222084,-0.011679881133113246,0.5,0.5,0.056132094690950575,0.34564234201197896,0.6999699530829108,0.7251915006315447,0.5333333333333333,-0.02740912897666196,-0.02127307627494493
82,disagreement__committee,Disagreement-adaptive budget + Bootstrap committee disagreement,committee,Bootstrap committee disagreement,disagreement,Disagreement-adaptive budget,Use epistemic disagreement across cheap student replicas.,Allocate more labels where retrievers and model replicas disagree.,6,0.528917245493295,0.14093150836504856,0.5701260288065844,0.8126009124620235,-0.00600845716686101,-0.012502002550452048,0.16666666666666666,0.5,0.01825367721957381,0.16458868109033126,0.6636450518643473,0.6804506376563583,0.43333333333333335,-0.01587896907788226,-0.02139297506104417
83,difficulty__top_char,Difficulty-adaptive budget + Character-robust selection,top_char,Character-robust selection,difficulty,Difficulty-adaptive budget,Favor candidates supported by character-level similarity.,Allocate more labels to low-confidence/high-entropy queries.,6,0.5292343283411965,0.151486247663243,0.5719900058788948,0.7889364981726094,-0.0056913743189593675,-0.012184919702550404,0.16666666666666666,0.3333333333333333,0.0785091472110174,0.39390050116122727,0.5759826247304288,0.6982968667237094,0.20000000000000004,-0.01842355633641805,-0.021966497753630056
84,uniform__top_lsa,Uniform per-query budget + Semantic-first selection,top_lsa,Semantic-first selection,uniform,Uniform per-query budget,Spend feedback on latent-semantic candidates.,Give every query the same number of feedback calls.,6,0.5287447908898603,0.14362963940922202,0.5735126396237508,0.8159335777391332,-0.006180911770295755,-0.012674457153886792,0.0,0.3333333333333333,0.08504461557266839,0.3819459723750152,0.380540599967875,0.6857270912276413,0.10000000000000002,-0.012984327910177266,-0.022218971922448837
85,disagreement__top_char,Disagreement-adaptive budget + Character-robust selection,top_char,Character-robust selection,disagreement,Disagreement-adaptive budget,Favor candidates supported by character-level similarity.,Allocate more labels where retrievers and model replicas disagree.,6,0.52937406120818,0.1531911736929438,0.5722942386831276,0.8027383470439026,-0.005551641451975999,-0.012045186835567037,0.16666666666666666,0.3333333333333333,0.07754655095139144,0.39720083119423055,0.5750832161840287,0.7032402314305505,0.16666666666666666,-0.019900412283551716,-0.02234366446814347
86,difficulty__false_negative,Difficulty-adaptive budget + Likely false-negative hunting,false_negative,Likely false-negative hunting,difficulty,Difficulty-adaptive budget,Inspect low-ranked candidates the current model considers promising.,Allocate more labels to low-confidence/high-entropy queries.,6,0.5295368248196686,0.14928225110989696,0.5755026455026454,0.8373021911216355,-0.0053888778404873605,-0.011882423224078398,0.0,0.16666666666666666,0.03041498594303875,0.2330155237745997,0.6372160348668284,0.6925589781200342,0.26666666666666666,-0.016757517724359478,-0.022747554427604216
87,difficulty__committee,Difficulty-adaptive budget + Bootstrap committee disagreement,committee,Bootstrap committee disagreement,difficulty,Difficulty-adaptive budget,Use epistemic disagreement across cheap student replicas.,Allocate more labels to low-confidence/high-entropy queries.,6,0.5270407591985802,0.1390704352662488,0.5680099941211053,0.801082053234831,-0.007884943461575747,-0.014378488845166784,0.3333333333333333,0.3333333333333333,0.020074970460008962,0.1814937049260482,0.6628013066635084,0.6762956851240679,0.5333333333333333,-0.01936683533122256,-0.022823547877761346
88,uniform__committee,Uniform per-query budget + Bootstrap committee disagreement,committee,Bootstrap committee disagreement,uniform,Uniform per-query budget,Use epistemic disagreement across cheap student replicas.,Give every query the same number of feedback calls.,6,0.5286496150697344,0.1369464422708325,0.5690534979423868,0.8058726510115398,-0.006276087590421577,-0.012769632974012615,0.16666666666666666,0.5,0.021105814285132213,0.17489304486004156,0.6640365035582209,0.6797630688994826,0.4666666666666666,-0.019924659389226645,-0.023076597093575273
89,topic_balanced__top_char,Topic-balanced budget + Character-robust selection,top_char,Character-robust selection,topic_balanced,Topic-balanced budget,Favor candidates supported by character-level similarity.,"Equalize total feedback across query clusters, not raw query counts.",6,0.5289959553192203,0.15482680168043977,0.5758686067019401,0.8005592992398548,-0.005929747340935663,-0.0124232927245267,0.16666666666666666,0.3333333333333333,0.08084688098439473,0.3951350690624618,0.5812994301857356,0.6959968219044127,0.16666666666666666,-0.02196328779138936,-0.02344377678484631
90,disagreement__false_negative,Disagreement-adaptive budget + Likely false-negative hunting,false_negative,Likely false-negative hunting,disagreement,Disagreement-adaptive budget,Inspect low-ranked candidates the current model considers promising.,Allocate more labels where retrievers and model replicas disagree.,6,0.52686795718486,0.14582756887293713,0.5745679012345679,0.8123947837142281,-0.008057745475295927,-0.014551290858886965,0.16666666666666666,0.3333333333333333,0.02869657336103981,0.2198142036425865,0.6350891864079107,0.6926588029173288,0.3666666666666667,-0.01589422152388977,-0.023447601725581718
91,difficulty__center_outlier_mix,Difficulty-adaptive budget + Typical–outlier mixture,center_outlier_mix,Typical–outlier mixture,difficulty,Difficulty-adaptive budget,Label both dense-region representatives and unusual candidates.,Allocate more labels to low-confidence/high-entropy queries.,6,0.5292042330478735,0.1507925040835166,0.5720576131687243,0.8364703275119941,-0.005721469612282454,-0.012215014995873491,0.0,0.3333333333333333,0.024370492604816038,0.2173695147292507,0.7507790386021073,0.6356252291895856,0.3333333333333333,-0.018281915752943412,-0.023613685509403685
92,difficulty__top_lsa,Difficulty-adaptive budget + Semantic-first selection,top_lsa,Semantic-first selection,difficulty,Difficulty-adaptive budget,Spend feedback on latent-semantic candidates.,Allocate more labels to low-confidence/high-entropy queries.,6,0.5275871444332595,0.14282528471824246,0.5721744562022341,0.8185790803846359,-0.007338558226896515,-0.013832103610487553,0.0,0.3333333333333333,0.08549077129935216,0.3835961373915169,0.3787430154843386,0.6854225237338549,0.10000000000000002,-0.014885438113650914,-0.024042006950265375
93,topic_balanced__top_lsa,Topic-balanced budget + Semantic-first selection,top_lsa,Semantic-first selection,topic_balanced,Topic-balanced budget,Spend feedback on latent-semantic candidates.,"Equalize total feedback across query clusters, not raw query counts.",6,0.5277025817807454,0.14234874804896816,0.5722332451499118,0.8295437535715314,-0.007223120879410609,-0.013716666263001645,0.0,0.3333333333333333,0.08762172513547652,0.3786456423420119,0.3789874841687572,0.6698967118934115,0.06666666666666667,-0.015225945003945548,-0.024045747014382588
94,topic_balanced__coverage,Topic-balanced budget + Query-term coverage,coverage,Query-term coverage,topic_balanced,Topic-balanced budget,Prefer documents covering more of the query's content.,"Equalize total feedback across query clusters, not raw query counts.",6,0.528213107964198,0.1545233897581636,0.5691978982951206,0.806636205872317,-0.0067125946959579645,-0.013206140079549003,0.16666666666666666,0.16666666666666666,0.0720470195167665,0.37161716171617165,0.5766434011900065,0.6776473943690665,0.20000000000000004,-0.022813341341456017,-0.024524142882391943
95,uniform__top_char,Uniform per-query budget + Character-robust selection,top_char,Character-robust selection,uniform,Uniform per-query budget,Favor candidates supported by character-level similarity.,Give every query the same number of feedback calls.,6,0.5271320007735081,0.15230900088104068,0.5704820693709582,0.789428989220656,-0.00779370188664789,-0.014287247270238926,0.16666666666666666,0.3333333333333333,0.07833700036670334,0.385649676078719,0.5810615367143744,0.7041315242635374,0.20000000000000004,-0.021286954826936728,-0.025071014793000113
96,disagreement__top_lsa,Disagreement-adaptive budget + Semantic-first selection,top_lsa,Semantic-first selection,disagreement,Disagreement-adaptive budget,Spend feedback on latent-semantic candidates.,Allocate more labels where retrievers and model replicas disagree.,6,0.526598916244266,0.1434759797969403,0.5722516166960612,0.8188436306491861,-0.008326786415889983,-0.01482033179948102,0.0,0.3333333333333333,0.08312044167379701,0.3835961373915169,0.378120638915531,0.6887177606649554,0.10000000000000002,-0.015270568346576474,-0.02516503072078279
97,topic_balanced__committee,Topic-balanced budget + Bootstrap committee disagreement,committee,Bootstrap committee disagreement,topic_balanced,Topic-balanced budget,Use epistemic disagreement across cheap student replicas.,"Equalize total feedback across query clusters, not raw query counts.",6,0.5263197160987082,0.1378400384116638,0.567308935920047,0.7958257200618312,-0.008605986561447823,-0.01509953194503886,0.16666666666666666,0.3333333333333333,0.021415474880821416,0.16829238479403497,0.6626387931405587,0.671489834168602,0.5,-0.02124401832752254,-0.025868271693005082
98,uniform__coverage,Uniform per-query budget + Query-term coverage,coverage,Query-term coverage,uniform,Uniform per-query budget,Prefer documents covering more of the query's content.,Give every query the same number of feedback calls.,6,0.5272668101244529,0.14964958948716534,0.5697200176366843,0.7779427902344569,-0.007658892535703038,-0.014152437919294075,0.0,0.0,0.07087866194026811,0.37491749174917494,0.5814907011625062,0.6822159067758627,0.23333333333333336,-0.019454863529131894,-0.025961640154490238
99,difficulty__coverage,Difficulty-adaptive budget + Query-term coverage,coverage,Query-term coverage,difficulty,Difficulty-adaptive budget,Prefer documents covering more of the query's content.,Allocate more labels to low-confidence/high-entropy queries.,6,0.5216071278088155,0.14472617252102804,0.5678115814226925,0.7597961118100006,-0.01331857485134047,-0.019812120234931507,0.0,0.0,0.06991606568064214,0.37863341889744534,0.5773090944484617,0.6801908894593164,0.3,-0.020477401030265407,-0.0319792105955244
100,disagreement__coverage,Disagreement-adaptive budget + Query-term coverage,coverage,Query-term coverage,disagreement,Disagreement-adaptive budget,Prefer documents covering more of the query's content.,Allocate more labels where retrievers and model replicas disagree.,6,0.5199176706658625,0.14421256789056192,0.5669370958259847,0.7603873081650859,-0.015008031994293394,-0.02150157737788443,0.0,0.0,0.06799189178177077,0.380699181029214,0.5785703523306964,0.6825225115104102,0.3,-0.02172298318755737,-0.03410462149352951
